size,entropy,ext,mime,label
26,4.026986833359287,sh,x-sh,1
31,4.244518891032036,pdf,pdf,0
2048,7.910703690056808,bin,octet-stream,1
33,3.717896012970049,txt,plain,0
